timestamp,condition,duration_seconds,frame_count,no_face_frames,multi_face_frames,single_face_frames,aligned_frames,misaligned_frames,low_light_frames,blur_frames,too_far_frames,too_close_frames,accepted_normal_frames,accessory_frames,brightness_mean,brightness_min,brightness_max,sharpness_mean,sharpness_min,sharpness_max,face_width_ratio_mean,face_width_ratio_min,face_width_ratio_max,detector_counts,state_counts
2026-05-14T14:36:28,unspecified,12.3,361,22,0,339,339,0,0,0,0,0,4,335,74.40,63.46,94.93,825.01,302.36,1281.92,0.230,0.191,0.253,No face=22; YUNET=339,glasses=96; mask_glasses=239; normal=4
2026-05-14T14:38:07,unspecified,12.3,361,19,0,342,342,0,0,0,0,0,24,318,78.06,65.07,89.35,828.71,301.16,1390.56,0.228,0.178,0.269,No face=19; YUNET=342,glasses=85; mask_glasses=233; normal=24
2026-05-14T14:38:28,unspecified,12.3,361,155,0,206,206,0,0,0,0,0,14,192,95.64,81.99,110.75,595.18,362.32,993.31,0.249,0.212,0.281,No face=155; YUNET=206,glasses=74; mask=44; mask_glasses=74; normal=14
2026-05-14T16:10:11,unspecified,12.4,359,23,0,336,336,0,1,0,0,0,290,46,70.92,43.51,107.40,619.67,243.97,1077.46,0.244,0.206,0.287,No face=23; YUNET=336,glasses=46; normal=290
2026-05-14T19:52:10,real_mask_glasses,15.5,303,120,0,183,162,21,124,0,0,0,49,134,42.30,22.90,66.64,328.18,48.04,616.56,0.255,0.212,0.297,No face=120; YUNET=183,glasses=134; normal=49
2026-05-14T19:52:32,real_mask_glasses,15.4,313,62,0,251,251,0,0,10,0,0,251,0,85.46,58.64,119.90,230.17,11.10,918.67,0.257,0.175,0.412,HOG=31; No face=62; YUNET=220,normal=251
2026-05-14T19:53:21,real_mask_glasses,15.5,252,120,0,132,132,0,0,8,0,0,132,0,95.48,74.19,122.40,133.19,18.59,344.21,0.269,0.206,0.356,HOG=1; No face=120; YUNET=131,normal=132
2026-05-14T19:54:50,real_mask_glasses,15.5,226,155,0,71,69,2,0,0,0,0,70,1,107.73,98.66,131.80,539.62,105.83,1111.28,0.207,0.194,0.234,HOG=2; No face=155; YUNET=69,mask=1; normal=70
2026-05-14T19:55:31,real_mask_glasses,15.4,150,144,0,6,6,0,0,0,0,0,6,0,78.64,64.30,123.14,155.20,45.56,579.04,0.315,0.237,0.384,No face=144; YUNET=6,normal=6
2026-05-14T20:01:17,real_mask_glasses,12.5,257,85,0,172,172,0,0,0,0,0,169,3,98.13,81.12,119.37,592.36,166.03,1042.45,0.242,0.212,0.278,HOG=52; No face=85; YUNET=120,mask_glasses=3; normal=169
2026-05-14T20:01:45,real_mask_glasses,12.4,334,13,0,321,321,0,21,0,0,0,122,199,77.90,47.44,115.08,556.32,159.73,1018.83,0.234,0.212,0.281,HOG=69; No face=13; YUNET=252,glasses=32; mask_glasses=167; normal=122
2026-05-14T20:02:08,real_mask_glasses,12.4,271,59,0,212,212,0,0,0,0,0,212,0,102.74,91.94,113.25,402.18,212.24,562.86,0.249,0.216,0.297,HOG=27; No face=59; YUNET=185,normal=212
2026-05-14T20:03:33,real_mask_glasses,12.4,342,20,0,322,322,0,0,0,0,0,322,0,83.13,71.56,100.18,376.96,65.27,665.68,0.217,0.191,0.272,HOG=2; No face=20; YUNET=320,normal=322
2026-05-14T20:03:53,real_mask_glasses,12.5,294,46,0,248,248,0,0,0,0,0,95,153,96.05,80.14,110.20,687.25,413.52,1018.97,0.207,0.188,0.278,HOG=37; No face=46; YUNET=211,mask_glasses=153; normal=95
2026-05-14T20:04:13,real_mask_glasses,12.5,358,4,0,354,354,0,0,0,0,0,351,3,84.41,62.76,97.07,316.93,47.55,681.53,0.219,0.188,0.250,HOG=5; No face=4; YUNET=349,glasses=2; mask_glasses=1; normal=351
2026-05-14T20:05:52,unspecified,12.5,336,31,0,305,305,0,0,0,0,0,80,225,101.61,80.15,139.32,539.12,151.03,1132.93,0.228,0.178,0.278,HOG=23; No face=31; YUNET=282,mask=19; mask_glasses=206; normal=80
2026-05-14T20:06:13,unspecified,12.5,307,32,0,275,275,0,0,0,0,0,18,257,89.92,67.10,125.59,524.34,42.70,955.83,0.234,0.212,0.281,HOG=44; No face=32; YUNET=231,mask=62; mask_glasses=195; normal=18
2026-05-14T20:08:03,unspecified,12.5,287,96,0,191,191,0,0,0,0,0,127,64,103.47,89.50,121.74,529.83,101.79,983.53,0.250,0.212,0.278,HOG=29; No face=96; YUNET=162,mask=2; mask_glasses=62; normal=127
2026-05-14T20:13:58,unspecified,12.5,295,68,0,227,227,0,0,0,0,0,170,57,99.30,69.02,126.62,467.56,72.14,812.51,0.249,0.212,0.338,HOG=72; No face=68; YUNET=155,mask=54; mask_glasses=3; normal=170
2026-05-14T20:14:27,unspecified,12.4,335,27,0,308,308,0,0,0,0,0,136,172,88.33,67.82,119.84,524.72,167.95,946.93,0.249,0.212,0.338,HOG=94; No face=27; YUNET=214,mask=3; mask_glasses=169; normal=136
2026-05-14T20:15:12,unspecified,12.4,324,27,0,297,297,0,0,0,0,0,94,203,79.23,62.13,92.86,260.08,106.60,774.15,0.262,0.206,0.319,HOG=5; No face=27; YUNET=292,mask=139; mask_glasses=64; normal=94
2026-05-14T20:18:54,unspecified,12.4,297,73,0,224,224,0,0,0,0,0,103,121,80.24,64.18,129.22,435.36,148.78,905.71,0.251,0.216,0.291,HOG=32; No face=73; YUNET=192,mask=19; mask_glasses=102; normal=103
2026-05-14T20:19:35,unspecified,12.5,282,95,0,187,176,11,0,0,0,0,185,2,99.35,86.09,109.82,355.72,78.67,579.69,0.260,0.225,0.322,HOG=16; No face=95; YUNET=171,mask_glasses=2; normal=185
2026-05-14T20:39:32,unspecified,12.5,314,38,0,276,276,0,0,0,0,0,213,63,80.29,65.62,98.80,289.39,119.31,682.49,0.261,0.234,0.325,HOG=20; No face=38; YUNET=256,glasses=63; normal=213
2026-05-14T20:41:14,unspecified,12.5,310,86,0,224,209,15,0,0,0,0,185,39,90.48,76.95,114.43,429.81,91.77,916.17,0.248,0.216,0.300,HOG=9; No face=86; YUNET=215,glasses=39; normal=185
2026-05-14T20:41:53,unspecified,12.5,252,102,0,150,150,0,0,0,0,0,150,0,90.12,80.10,97.54,328.16,90.36,603.56,0.238,0.216,0.312,HOG=3; No face=102; YUNET=147,normal=150
2026-05-14T20:52:26,real_mask_glasses,15.4,449,8,0,441,440,1,14,14,0,0,71,370,80.70,36.05,90.47,249.24,9.28,579.75,0.243,0.206,0.303,HOG=3; No face=8; YUNET=438,glasses=34; mask=50; mask_glasses=286; normal=71
2026-05-14T20:53:03,real_mask_glasses,15.4,399,53,0,346,346,0,34,0,0,0,101,245,83.55,44.86,120.97,371.33,42.05,969.68,0.234,0.191,0.291,HOG=85; No face=53; YUNET=261,glasses=14; mask=27; mask_glasses=204; normal=101
2026-05-14T20:59:03,real_mask_glasses,15.5,364,65,0,299,297,2,0,0,0,0,268,31,110.96,76.47,133.52,410.48,35.74,777.02,0.236,0.209,0.309,HOG=61; No face=65; YUNET=238,glasses=23; mask=8; normal=268
2026-05-14T21:02:10,real_mask_glasses,15.4,448,0,0,448,448,0,0,0,0,0,374,74,94.47,90.02,100.75,191.20,39.93,334.03,0.245,0.222,0.266,YUNET=448,glasses=25; mask=49; normal=374
2026-05-14T21:02:40,real_mask_glasses,15.4,447,3,0,444,444,0,0,0,0,0,26,418,85.15,72.23,127.80,420.97,140.44,731.15,0.224,0.203,0.287,No face=3; YUNET=444,glasses=393; mask=25; normal=26
2026-05-14T21:03:07,real_mask_glasses,15.5,364,37,0,327,327,0,0,0,0,0,85,242,82.95,66.36,105.52,249.58,63.44,453.72,0.286,0.222,0.388,No face=37; YUNET=327,glasses=172; mask=70; normal=85
2026-05-14T21:03:33,real_mask_glasses,15.5,443,7,0,436,434,2,0,1,0,1,279,157,114.70,82.08,134.19,178.88,23.51,343.74,0.333,0.256,0.516,No face=7; YUNET=436,glasses=111; mask=46; normal=279
2026-05-14T21:03:55,real_mask_glasses,15.5,438,15,0,423,422,1,0,11,0,0,262,161,108.05,64.44,127.55,295.91,16.83,664.74,0.265,0.212,0.484,No face=15; YUNET=423,glasses=8; mask=153; normal=262
2026-05-14T21:17:46,unspecified,12.4,356,5,0,351,327,24,0,9,0,0,141,210,90.05,69.53,96.79,295.57,6.54,479.74,0.272,0.231,0.378,No face=5; YUNET=351,glasses=31; mask=176; mask_glasses=3; normal=141
2026-05-14T21:18:23,unspecified,12.4,361,0,0,361,361,0,0,0,0,0,10,351,86.09,73.73,112.21,486.69,141.82,683.44,0.196,0.175,0.241,YUNET=361,glasses=147; mask=1; mask_glasses=203; normal=10
2026-05-14T21:19:07,unspecified,12.4,334,9,0,325,325,0,0,0,0,0,53,272,92.05,68.49,98.98,425.72,63.29,669.21,0.257,0.228,0.356,No face=9; YUNET=325,glasses=13; mask=219; mask_glasses=40; normal=53
2026-05-14T21:20:07,unspecified,12.5,356,0,0,356,356,0,0,0,0,0,7,349,88.51,65.34,117.31,576.98,157.54,920.66,0.211,0.194,0.234,YUNET=356,glasses=273; mask=27; mask_glasses=49; normal=7
2026-05-14T21:21:22,unspecified,12.5,349,15,0,334,332,2,0,0,0,0,97,237,88.95,77.67,93.23,429.16,45.37,614.59,0.261,0.234,0.406,No face=15; YUNET=334,glasses=1; mask=187; mask_glasses=49; normal=97
2026-05-14T21:21:43,unspecified,12.5,358,9,0,349,349,0,0,0,0,0,116,233,85.97,56.94,98.54,418.98,68.35,753.85,0.272,0.216,0.384,No face=9; YUNET=349,glasses=1; mask=90; mask_glasses=142; normal=116
2026-05-14T21:22:04,unspecified,12.5,352,14,0,338,338,0,0,0,0,0,57,281,84.57,61.06,91.51,411.47,77.93,520.60,0.270,0.250,0.341,No face=14; YUNET=338,glasses=1; mask=263; mask_glasses=17; normal=57
2026-05-14T21:22:36,unspecified,12.5,334,52,0,282,282,0,0,0,0,0,104,178,91.25,64.07,107.62,274.16,34.89,584.39,0.316,0.237,0.409,No face=52; YUNET=282,glasses=17; mask=29; mask_glasses=132; normal=104
2026-05-14T21:22:57,unspecified,12.4,337,34,0,303,303,0,0,0,0,0,155,148,94.09,80.05,104.67,386.19,49.91,553.83,0.286,0.244,0.322,No face=34; YUNET=303,glasses=5; mask=119; mask_glasses=24; normal=155
2026-05-14T21:23:35,unspecified,12.4,361,0,0,361,361,0,0,0,0,0,0,361,81.44,57.67,88.23,274.49,53.94,476.39,0.235,0.216,0.269,YUNET=361,glasses=305; mask=42; mask_glasses=14
2026-05-14T21:27:47,unspecified,12.4,359,0,0,359,359,0,0,8,0,0,81,278,96.68,68.73,100.86,297.81,8.63,463.91,0.225,0.203,0.362,YUNET=359,glasses=82; mask=150; mask_glasses=46; normal=81
2026-05-14T21:49:55,unspecified,12.4,341,15,0,326,326,0,0,0,0,0,326,0,96.36,79.39,125.79,228.40,52.05,423.45,0.225,0.197,0.253,No face=15; YUNET=326,normal=326
2026-05-14T21:50:18,unspecified,12.5,301,27,0,274,274,0,3,0,0,0,259,15,83.23,49.32,119.68,263.75,38.49,867.73,0.274,0.172,0.372,HOG=2; No face=27; YUNET=272,glasses=15; normal=259
2026-05-14T21:54:09,unspecified,12.5,361,0,0,361,353,8,0,28,0,0,245,116,85.21,56.87,92.10,210.49,9.89,477.53,0.254,0.206,0.322,YUNET=361,glasses=79; mask=14; mask_glasses=23; normal=245
2026-05-14T21:54:31,unspecified,12.5,348,3,0,345,345,0,0,0,0,0,18,327,86.51,74.67,111.15,373.81,127.73,655.08,0.249,0.225,0.322,HOG=11; No face=3; YUNET=334,glasses=321; mask=3; mask_glasses=3; normal=18
2026-05-14T21:55:07,unspecified,12.4,361,0,0,361,361,0,0,0,0,0,53,308,84.39,82.30,88.40,358.88,214.40,475.78,0.242,0.231,0.256,YUNET=361,glasses=308; normal=53
2026-05-14T21:55:29,unspecified,12.4,265,26,0,239,239,0,0,0,0,0,190,49,112.12,55.76,120.59,223.04,47.06,322.81,0.269,0.241,0.350,No face=26; YUNET=239,glasses=21; mask=26; mask_glasses=2; normal=190
2026-05-14T21:56:14,unspecified,12.4,361,0,0,361,361,0,0,0,0,0,272,89,86.73,78.78,93.47,182.76,53.95,296.84,0.248,0.222,0.316,YUNET=361,glasses=85; mask_glasses=4; normal=272
2026-05-14T22:09:45,unspecified,12.4,359,1,0,358,358,0,0,4,0,0,0,358,91.95,77.36,110.72,190.55,16.24,431.08,0.229,0.175,0.263,No face=1; YUNET=358,glasses=26; mask=150; mask_glasses=182
2026-05-14T22:10:06,unspecified,12.4,361,0,2,359,359,0,0,0,0,0,7,352,106.74,94.35,125.79,276.16,127.81,555.91,0.226,0.209,0.241,YUNET=361,glasses=162; mask=66; mask_glasses=124; normal=7
2026-05-14T22:10:26,unspecified,12.5,361,0,0,361,361,0,0,0,0,0,0,361,91.32,63.63,126.67,363.36,62.47,715.42,0.227,0.163,0.253,YUNET=361,glasses=42; mask=49; mask_glasses=270
2026-05-16T14:56:32,unspecified,12.4,323,1,0,322,322,0,0,0,0,0,185,137,111.61,96.86,123.58,918.08,246.53,1544.67,0.223,0.206,0.244,No face=1; YUNET=322,glasses=60; mask=3; mask_glasses=74; normal=185
2026-05-16T14:56:56,unspecified,12.5,302,22,0,280,280,0,0,0,0,0,143,137,117.73,105.74,125.37,1365.89,576.59,2083.69,0.220,0.200,0.250,No face=22; YUNET=280,glasses=122; mask_glasses=15; normal=143
2026-05-16T14:57:32,unspecified,12.4,340,0,0,340,340,0,0,0,0,0,2,338,96.71,71.77,143.28,1103.72,151.72,1700.21,0.231,0.203,0.281,YUNET=340,glasses=22; mask_glasses=316; normal=2
2026-05-19T09:28:29,unspecified,12.5,311,64,0,247,247,0,0,1,0,0,119,128,96.70,67.02,110.15,356.68,16.65,575.45,0.217,0.178,0.487,No face=64; YUNET=247,glasses=1; mask=41; mask_glasses=86; normal=119
2026-05-19T09:28:51,unspecified,12.5,361,0,0,361,361,0,0,0,0,0,49,312,112.92,95.80,141.79,989.07,165.98,1692.48,0.180,0.163,0.228,YUNET=361,glasses=158; mask=17; mask_glasses=137; normal=49
2026-05-19T09:29:12,unspecified,12.5,361,0,0,361,361,0,0,0,2,0,1,360,106.55,91.80,149.83,1354.06,827.40,1963.38,0.172,0.159,0.188,YUNET=361,mask_glasses=360; normal=1
2026-05-19T09:29:56,unspecified,12.5,358,0,35,323,319,4,0,0,24,0,8,315,87.15,56.84,117.44,885.73,173.44,1414.77,0.185,0.147,0.328,YUNET=358,glasses=2; mask=3; mask_glasses=310; normal=8
2026-05-19T09:48:13,unspecified,20.5,600,0,0,600,600,0,0,0,73,0,34,566,93.75,66.98,106.37,1087.05,219.05,1496.63,0.188,0.150,0.244,YUNET=600,glasses=168; mask_glasses=398; normal=34
2026-05-19T09:50:48,unspecified,60.5,1776,34,27,1715,1715,0,0,0,487,0,241,1474,111.37,67.03,164.53,1124.38,284.02,2448.77,0.167,0.138,0.225,HOG=1; No face=34; YUNET=1741,glasses=277; mask=20; mask_glasses=1177; normal=241
2026-05-19T09:55:46,unspecified,60.5,1800,0,1589,211,169,42,0,0,116,0,5,206,105.10,57.44,118.40,1214.14,328.63,1612.62,0.168,0.147,0.234,YUNET=1800,glasses=43; mask_glasses=163; normal=5
2026-05-19T09:57:33,unspecified,60.4,1802,0,1241,561,454,107,0,0,292,0,0,561,120.93,71.10,143.82,1505.09,266.13,2033.80,0.165,0.147,0.228,YUNET=1802,glasses=18; mask_glasses=543
2026-05-19T10:06:53,unspecified,60.5,1783,18,514,1251,1240,11,0,0,103,0,389,862,113.21,86.18,133.05,434.20,61.78,1324.81,0.195,0.072,0.228,HOG=1; No face=18; YUNET=1764,glasses=3; mask=476; mask_glasses=383; normal=389
